{
    "Malaga": {
        "offensive": 1.895822,
        "defensive": 0.8376075
    },
    "Sevilla": {
        "offensive": 2.162736,
        "defensive": 0.8258775
    },
    "Deportivo La Coruna": {
        "offensive": 2.116873,
        "defensive": 1.0737965
    },
    "Real Sociedad": {
        "offensive": 2.206043,
        "defensive": 1.1016665
    },
    "Espanyol": {
        "offensive": 2.05264,
        "defensive": 0.6177105
    },
    "Getafe": {
        "offensive": 1.959248,
        "defensive": 0.9228365
    },
    "Atletico Madrid": {
        "offensive": 2.57975,
        "defensive": 1.2826885
    },
    "Rayo Vallecano": {
        "offensive": 2.02306,
        "defensive": 1.1017875
    },
    "Valencia": {
        "offensive": 2.068763,
        "defensive": 0.9193085
    },
    "Athletic Club": {
        "offensive": 2.302443,
        "defensive": 1.3101505
    },
    "Barcelona": {
        "offensive": 2.969011,
        "defensive": 1.2219975
    },
    "Real Madrid": {
        "offensive": 3.0,
        "defensive": 1.2111285
    },
    "Levante": {
        "offensive": 2.212086,
        "defensive": 0.8332315
    },
    "Celta Vigo": {
        "offensive": 2.161501,
        "defensive": 0.9668815
    },
    "Villarreal": {
        "offensive": 2.671712,
        "defensive": 1.0188255
    },
    "Granada": {
        "offensive": 1.881946,
        "defensive": 0.6079265
    },
    "Eibar": {
        "offensive": 2.115402,
        "defensive": 1.0287385
    },
    "Cordoba": {
        "offensive": 1.635424,
        "defensive": 0.7613675
    },
    "Elche": {
        "offensive": 1.988151,
        "defensive": 0.6323385
    },
    "Almeria": {
        "offensive": 2.295913,
        "defensive": 0.5001465
    },
    "Las Palmas": {
        "offensive": 1.982998,
        "defensive": 0.4463955
    },
    "Sporting Gijon": {
        "offensive": 1.885662,
        "defensive": 0.5631765
    },
    "Real Betis": {
        "offensive": 2.377572,
        "defensive": 1.0510575
    },
    "Osasuna": {
        "offensive": 1.968196,
        "defensive": 0.9008315
    },
    "Alaves": {
        "offensive": 2.230406,
        "defensive": 0.9886335
    },
    "Leganes": {
        "offensive": 1.87456,
        "defensive": 0.8173775
    },
    "Girona": {
        "offensive": 2.655411,
        "defensive": 0.8971375
    },
    "Real Valladolid": {
        "offensive": 1.83503,
        "defensive": 0.6536275
    },
    "SD Huesca": {
        "offensive": 1.854955,
        "defensive": 1.0714945
    },
    "Mallorca": {
        "offensive": 1.98191,
        "defensive": 1.1790455
    },
    "Cadiz": {
        "offensive": 1.906516,
        "defensive": 0.8549335
    },
    "Aston Villa": {
        "offensive": -0.5053745,
        "defensive": -2.124799
    },
    "Everton": {
        "offensive": -1.0553545,
        "defensive": -2.1683
    },
    "Southampton": {
        "offensive": -1.0525205,
        "defensive": -2.95461
    },
    "Leicester": {
        "offensive": -1.0843195,
        "defensive": -2.455886
    },
    "West Bromwich Albion": {
        "offensive": -1.3382295,
        "defensive": -2.57057
    },
    "Sunderland": {
        "offensive": -1.3835595,
        "defensive": -2.504314
    },
    "Crystal Palace": {
        "offensive": -0.8815085,
        "defensive": -2.134054
    },
    "Chelsea": {
        "offensive": -0.3372245,
        "defensive": -2.02388
    },
    "West Ham": {
        "offensive": -0.9583245,
        "defensive": -2.353714
    },
    "Tottenham": {
        "offensive": -0.5980865,
        "defensive": -2.198731
    },
    "Arsenal": {
        "offensive": -0.2500345,
        "defensive": -1.536973
    },
    "Swansea": {
        "offensive": -1.4830685,
        "defensive": -2.407164
    },
    "Stoke": {
        "offensive": -1.2126505,
        "defensive": -2.246105
    },
    "Newcastle United": {
        "offensive": -0.3132985,
        "defensive": -2.050249
    },
    "Liverpool": {
        "offensive": 0.1010815,
        "defensive": -1.83808
    },
    "Manchester City": {
        "offensive": 0.0464345,
        "defensive": -1.789609
    },
    "Manchester United": {
        "offensive": -0.6440555,
        "defensive": -2.334566
    },
    "Hull": {
        "offensive": -1.4532655,
        "defensive": -2.712476
    },
    "Burnley": {
        "offensive": -1.0865845,
        "defensive": -2.48977
    },
    "Queens Park Rangers": {
        "offensive": -1.0736685,
        "defensive": -2.513
    },
    "Bournemouth": {
        "offensive": -0.3444405,
        "defensive": -2.15095
    },
    "Norwich": {
        "offensive": -1.4321255,
        "defensive": -2.69492
    },
    "Watford": {
        "offensive": -1.3919705,
        "defensive": -2.479763
    },
    "Middlesbrough": {
        "offensive": -1.5567045,
        "defensive": -2.175702
    },
    "Huddersfield": {
        "offensive": -1.5508585,
        "defensive": -2.373244
    },
    "Brighton": {
        "offensive": -0.6763155,
        "defensive": -2.088053
    },
    "Cardiff": {
        "offensive": -1.1067655,
        "defensive": -2.484774
    },
    "Fulham": {
        "offensive": -0.8686545,
        "defensive": -2.10314
    },
    "Wolverhampton Wanderers": {
        "offensive": -1.1587605,
        "defensive": -2.284753
    },
    "Sheffield United": {
        "offensive": -1.2037715,
        "defensive": -2.88479
    },
    "Leeds": {
        "offensive": -0.8665045,
        "defensive": -2.431649
    },
    "Brentford": {
        "offensive": -0.6738355,
        "defensive": -2.165344
    },
    "Nottingham Forest": {
        "offensive": -0.9515985,
        "defensive": -2.056051
    },
    "Luton": {
        "offensive": -1.0830755,
        "defensive": -3.0
    },
    "Ipswich": {
        "offensive": -1.1477945,
        "defensive": -2.697544
    },
    "Bayern Munich": {
        "offensive": 3.0,
        "defensive": 0.9430445
    },
    "Hamburger SV": {
        "offensive": 1.338514,
        "defensive": 0.4201735
    },
    "Bayer Leverkusen": {
        "offensive": 2.283499,
        "defensive": 0.7878135
    },
    "Hoffenheim": {
        "offensive": 1.776239,
        "defensive": 0.2112535
    },
    "Augsburg": {
        "offensive": 1.52548,
        "defensive": 0.3388555
    },
    "Hertha Berlin": {
        "offensive": 1.59588,
        "defensive": 0.3533935
    },
    "Werder Bremen": {
        "offensive": 1.75986,
        "defensive": 0.3047155
    },
    "Schalke 04": {
        "offensive": 1.39243,
        "defensive": 0.3125845
    },
    "Mainz 05": {
        "offensive": 1.81405,
        "defensive": 0.6404655
    },
    "Hannover 96": {
        "offensive": 1.462743,
        "defensive": -0.0575655
    },
    "Borussia Dortmund": {
        "offensive": 2.210509,
        "defensive": 0.4814245
    },
    "Borussia M.Gladbach": {
        "offensive": 1.884929,
        "defensive": 0.2959345
    },
    "Wolfsburg": {
        "offensive": 1.788469,
        "defensive": 0.5097625
    },
    "Eintracht Frankfurt": {
        "offensive": 2.200251,
        "defensive": 0.3355845
    },
    "VfB Stuttgart": {
        "offensive": 2.329949,
        "defensive": 0.5597555
    },
    "FC Cologne": {
        "offensive": 1.712509,
        "defensive": 0.3220255
    },
    "Freiburg": {
        "offensive": 1.86167,
        "defensive": 0.3957845
    },
    "Paderborn": {
        "offensive": 1.545849,
        "defensive": -0.0102155
    },
    "Ingolstadt": {
        "offensive": 1.563571,
        "defensive": 0.4747355
    },